{"cameraMode":{"drawMode":0,"name":"Shaded","section":"Shading Mode"},"sceneLighting":true,"audioPlay":false,"sceneViewState":{"showFog":true,"showMaterialUpdate":true,"showSkybox":true,"showFlares":true,"showImageEffects":true,"showParticleSystems":true},"in2DMode":false,"pivot":{"x":60.654884338378909,"y":-93.36712646484375,"z":-78.29287719726563},"rotation":{"x":0.49715110659599306,"y":0.15952134132385255,"z":-0.09355130791664124,"w":0.847728967666626},"size":130.90830993652345,"orthographic":false}