{"cameraMode":{"drawMode":0,"name":"Shaded","section":"Shading Mode"},"sceneLighting":false,"audioPlay":false,"sceneViewState":{"showFog":true,"showMaterialUpdate":true,"showSkybox":false,"showFlares":true,"showImageEffects":true,"showParticleSystems":true},"in2DMode":false,"pivot":{"x":17.600000381469728,"y":9.684998512268067,"z":0.8850002288818359},"rotation":{"x":0.6437299251556397,"y":0.06971518695354462,"z":-0.05906619876623154,"w":0.7597823143005371},"size":15.75244426727295,"orthographic":false}