{"cameraMode":{"drawMode":0,"name":"Shaded","section":"Shading Mode"},"sceneLighting":true,"audioPlay":false,"sceneViewState":{"showFog":true,"showMaterialUpdate":true,"showSkybox":true,"showFlares":true,"showImageEffects":true,"showParticleSystems":true},"in2DMode":false,"pivot":{"x":-29.245208740234376,"y":12.676239013671875,"z":24.845252990722658},"rotation":{"x":0.7345086336135864,"y":-0.017689140513539316,"z":0.01918536238372326,"w":0.6781139969825745},"size":19.170129776000978,"orthographic":false}