{"cameraMode":{"drawMode":0,"name":"Shaded","section":"Shading Mode"},"sceneLighting":true,"audioPlay":false,"sceneViewState":{"showFog":true,"showMaterialUpdate":true,"showSkybox":true,"showFlares":true,"showImageEffects":true,"showParticleSystems":true},"in2DMode":false,"pivot":{"x":-47.98419952392578,"y":-110.23819732666016,"z":40.406341552734378},"rotation":{"x":0.6873092651367188,"y":-0.006311702076345682,"z":0.005972879007458687,"w":0.7263185381889343},"size":81.91583251953125,"orthographic":false}