{"cameraMode":{"drawMode":0,"name":"Shaded","section":"Shading Mode"},"sceneLighting":true,"audioPlay":false,"sceneViewState":{"showFog":true,"showMaterialUpdate":true,"showSkybox":true,"showFlares":true,"showImageEffects":true,"showParticleSystems":true},"in2DMode":false,"pivot":{"x":-0.6532881259918213,"y":9.313529968261719,"z":13.28897476196289},"rotation":{"x":0.4690026044845581,"y":0.026490677148103715,"z":-0.014071624726057053,"w":0.8826923370361328},"size":55.26903533935547,"orthographic":true}