{"cameraMode":{"drawMode":0,"name":"Shaded","section":"Shading Mode"},"sceneLighting":true,"audioPlay":false,"sceneViewState":{"showFog":true,"showMaterialUpdate":true,"showSkybox":true,"showFlares":true,"showImageEffects":true,"showParticleSystems":true},"in2DMode":false,"pivot":{"x":-39.253963470458987,"y":-135.04306030273438,"z":36.084815979003909},"rotation":{"x":0.5447940826416016,"y":0.019124595448374749,"z":-0.012428410351276398,"w":0.838264524936676},"size":235.59103393554688,"orthographic":false}