{"cameraMode":{"drawMode":0,"name":"Shaded","section":"Shading Mode"},"sceneLighting":false,"audioPlay":false,"sceneViewState":{"showFog":true,"showMaterialUpdate":true,"showSkybox":false,"showFlares":true,"showImageEffects":true,"showParticleSystems":true},"in2DMode":false,"pivot":{"x":-7.000000476837158,"y":9.684998512268067,"z":30.88500213623047},"rotation":{"x":0.6899088621139526,"y":-0.006514385808259249,"z":0.006209628190845251,"w":0.7238450646400452},"size":15.752446174621582,"orthographic":false}