{"cameraMode":{"drawMode":0,"name":"Shaded","section":"Shading Mode"},"sceneLighting":true,"audioPlay":false,"sceneViewState":{"showFog":true,"showMaterialUpdate":true,"showSkybox":true,"showFlares":true,"showImageEffects":true,"showParticleSystems":true},"in2DMode":false,"pivot":{"x":-0.7220849990844727,"y":-20.080970764160158,"z":0.1099604070186615},"rotation":{"x":0.5789135694503784,"y":0.002446170896291733,"z":-0.0017367637483403087,"w":0.8153842687606812},"size":57.06079864501953,"orthographic":false}