{"cameraMode":{"drawMode":0,"name":"Shaded","section":"Shading Mode"},"sceneLighting":true,"audioPlay":false,"sceneViewState":{"showFog":true,"showMaterialUpdate":true,"showSkybox":true,"showFlares":true,"showImageEffects":true,"showParticleSystems":true},"in2DMode":false,"pivot":{"x":-7.001228332519531,"y":7.5672454833984379,"z":-28.922412872314454},"rotation":{"x":0.7039123773574829,"y":-0.0031959416810423137,"z":0.003168001538142562,"w":0.7102757692337036},"size":29.555116653442384,"orthographic":false}