{"cameraMode":{"drawMode":0,"name":"Shaded","section":"Shading Mode"},"sceneLighting":true,"audioPlay":false,"sceneViewState":{"showFog":true,"showMaterialUpdate":false,"showSkybox":true,"showFlares":true,"showImageEffects":true,"showParticleSystems":true},"in2DMode":false,"pivot":{"x":-0.30325692892074587,"y":-7.703662872314453,"z":3.6183207035064699},"rotation":{"x":-0.55284583568573,"y":-0.12220381200313568,"z":0.08237213641405106,"w":-0.8201808929443359},"size":7.134695053100586,"orthographic":false}